primaryName,AverageVotes
"Ibrahim Ethem Arslan",3443.0000
"Dusty Richards",2103.0000
"John Rebus",9102.0000
"Susea McGearhart",60187.0000
"Kelly Haas",849.0000
"Sutthipong Phanthanalai",678.0000
"Rangsima Aukkarawiwat",678.0000
"James Villeneuve",6991.0000
"Edir Macedo",11890.0000
"Bruno Cancio",636.0000
"Rahul Pakala",11235.0000
"Pushpdeep Bhardwaj",96477.0000
"Chintan Shah",1518.3333
"Anne Lister",2213.0000
"Hirotaka Adachi",1481.0000
"Alejandro Moreno",9019.0000
"Jan Hurst",1796.0000
"Afra Jourablou",759.0000
"Anudeep Singh",8353.0000
"Vankush Arora",661.5000
"Natalya Lebedeva",1870.5000
"Piergiovanni Anchisi",939.0000
"Zhanzhong Huang",1914.0000
"Shahjahan Sourav",1217.0000
"Kwan-Sin Shum",1273.5000
"Joanne Spring",1454.0000
"Anaïs Deban",906.0000
"Arkady Fiedler",2373.0000
"Oleksa Storozhenko",1248.0000
"Cyrille Droux",752.3333
"Timothy Hill",704.0000
"Nella Larsen",16025.0000
"Laksmi Pamuntjak",840.0000
"Mohamed Sayed Bisheer",1823.0000
"Sylvia Kavoukjian",1370.0000
"Allison Buckmelter",908.0000
"Ramkumar Kaavya",4453.0000
"Anthony Catino",1112.8571
"Charan Singh Pathik",1111.5000
"Utsav Sarkar",7850.0000
"Kuo-Li Chang",637.0000
"Yogesh Chandekar",30101.7500
"Savari Muthu",5703.5000
"Anthony Bhagyaraj",10371.0000
Madhusudhan,7696.0000
"Evren Erdogan",2296.6667
"Sam Dolnick",147746.0000
"Louise Kugelberg",38535.0000
"Benfu Zhao",5431.0000
"Paulo Campos",146876.0000
"Abhishek Banerjee",2308.0000
"Ellen Evans",797.0000
"Roshan Bisoi",1363.0000
"Mukunda Das",1546.0000
"Nancy Naigle",1202.2000
"Shabas Rasheed",3066.0000
"Saikumar Reddy",3871.0000
Pizza,1743.0000
"Akshat Ghildial",11424.8000
"José Gómez López",1092.0000
"Darwin Contreras",1092.0000
"Fernando Rivas Sánchez",1092.0000
"Maciej Rzaczynski",1914.0000
"Suhrita Sengupta",33728.3333
"Arati Kadav",3040.0000
"Mario Gomboli",1799.5000
"Ted Thompson",8656.0000
"Yusuke Watanabe",1461.0000
"Damla Serim",1976.2500
"Gabriel Rodriguez",4152.5000
"Nicolas Buckmelter",908.0000
"Justin Torres",4560.0000
"Hilman Bin Muhamad",1275.0000
"Ra Ki Rangarajan",4312.0000
"Eli Saslow",5451.5000
"Yoo-sun Kang",921.0000
"Nihit Bhave",8776.3333
"Danilo Beyruth",1175.0000
"Kouhei Azano",940.0000
"Aidin Sayar Sarie",744.0000
"Evgenia Fakinou",753.0000
Suryas,1038.0000
"Madeleine St. John",7397.0000
"Kira Archer",1211.0000
"Muhammad Fadl",2629.6667
"Giulio Carrieri",2697.0000
"Nazim Ud Daula",2754.0833
"Martha Batalha",9326.0000
"Sergio Martinez",880.0000
"An-Cheol Jeong",3557.0000
"Gyun Heo",3557.0000
"Khaled Spiewak",673.0000
"Anni Baobei",3052.0000
"Peer Meter",1416.0000
"Nathaniel Rich",48133.0000
"Grant Ginder",10153.0000
"Chris Kelly",1072.0000
"Noé Dodson",705.0000
"Frank See",3212.0000
"Zsuzsa F. Várkonyi",1743.0000
"Covis Berzoyne",5994.0000
"Nanda Kishore Emani",973.0000
"Meghvrat Singh Gurjar",1050.7500
"Tms Enterainment",1214.0000
"Raghuram Sreepada",3098.0000
"Jonathan Doyle",3566.0000
"Maria-Denise Teodoru",2319.0000
"Ioana Manea",2319.0000
"Stan Younger",16560.5000
"Sarath R. Nath",996.0000
"Nomaan Khan",666.0000
"Serhat Sari",1118.5000
"M. Serdar Firat",1118.5000
"Nico Walker",35819.0000
"Jardine Libaire",6956.0000
"Jessica Gilmore",1505.0000
"Thomas Nlend Pone",671.0000
"Olivier Cena",693.0000
"Brian O'Donnell",1478.0000
"Sasha Singh",4252.0000
"Abolfazl Kahani",664.0000
"Jessica Koch",1780.0000
"Tomas Bannerhed",676.0000
"Texas Joe Foster",1143.0000
"Jan Kuznik",1764.0000
"Travis Farncombe",4652.0000
"Meltem Inan",625.0000
"Rudi Valinka",4351.0000
"Hilmi Alisanoglu",1159.0000
"Bener Karaçor",1537.5000
"Chaganti Santaiah",2432.0000
"Jeong-mi Lee",1019.5000
Jayaraj,946.0000
"Murali Guinness",946.0000
"Jeevan Job Thomas",741.0000
"Nishank Verma",662.0000
"Akira Shiga",3107.6667
"Anthony J. Wilkinson",1167.0000
"Darnell Metayer",41812.0000
"Shamsudheen Kuttoth",1003.5000
"Marcy Carpenter",1350.0000
"Ed Lin",1419.0000
"Eric Charles Wilkinson",5393.0000
"Scott Davis",767.0000
"Paul Osborne",1506.0000
"Rebecca Banks",118776.0000
"Felicity Evans",11653.0000
"Teresa Southwick",5112.0000
"Xiang Fan",983.0000
"Kiran Dagade Patil",2214.0000
"Kenneth Canio Cancellara",693.0000
"Adamya Bhalla",1501.0000
"Marcell Greeff",6979.0000
"K.S. Sripal Reddy",654.0000
"Sarah Govett",630.0000
"Maxime Rancon",995.0000
"Beihai Zhang",2462.0000
"Sankar Raman",1545.0000
Asami,2213.0000
"Koyoharu Gotouge",17718.2857
"Larry Watson",33522.0000
"Sam Xu",3264.0000
"Vibhav Srivastava",968.5000
"William E. Owen",3057.0000
"Hande Turan",4751.0000
"Ketan Pedgaonkar",5001.0000
"Deniz Yuce",1159.0000
"Ahmet Cetin",3591.0000
"Narayan Dharap",27881.0000
Heo-dam,2567.0000
"Luciana Herrera Caso",1007.0000
"Derek Chan",917.0000
"Nikolay Kovalyov",1247.0000
"Benio Saeki",1541.0000
"Alfred Wetzler",2620.0000
"Meira Anastasia",1166.0000
"Rahsan Çigdem Inan",3689.0000
Ranjith,949.0000
Saneesh,949.0000
"Monica Arac de Nyeko",3195.0000
"Hugh Westman",712.0000
Eban,949.0000
"Bahadir Saglam",903.0000
"Jeong-uk Byeon",2567.0000
"Vanessa Block",84647.0000
"Hope Bryant",4307.0000
"Aaron Dembski-Bowden",1361.0000
"Emily Jenkins",1888.0000
"Leonie Geisinger",1061.0000
"Rajish Mithila",987.0000
"Lee So-mi",633.0000
"Melanie Toast",3453.3333
"Piper Mars",914.0000
"Robin Kumar Singh",1076.0000
"Sylwia Koperska-Mrozinska",5477.0000
"Stacy Connelly",6492.0000
Alai,716.0000
"Aleksa Rsumovic",970.0000
"James Pedersen",2297.0000
"Nani Challagulla",2466.0000
"Daniell Sayooj Nair",7122.0000
"K.S. Aravind",14244.0000
Samrat,1832.0000
"Shubham Ghude",83333.0000
"Suzanne Allain",1897.5000
"Amiel Bartana",1788.0000
"Muhammad Ahmes Avisiena Helvin",700.0000
"Savenia Melinda Sutrisno",700.0000
"Suman Kumar",2918.6667
"Ashish P. Verma",3794.7500
"Yujie Qiu",763.0000
"Maria Mikheleva",1002.0000
"Aditya Sinha",8070.0000
"Karl Dunne",8070.0000
"Hulusi Derici",926.0000
"Dogan Mirdogan",926.0000
"Yu Chen",975.2500
"Saketh Kondiparthi",17158.0000
"Rebecca Dinerstein",2397.0000
"Yesim Aslan",2464.0000
Damao,4105.5000
"Darius Yarmil",4429.0000
"Andrea Chalupa",7517.5000
"Frank Bill",2403.0000
"Tharun Kumar",2251.0000
"Sreeja Sreedharan",2155.0000
"Derek H. Potts",6161.0000
"Jennie Rooney",13882.0000
"Carolina López-Rodriguez",846.0000
"Yiran Pan",1066.6667
"Rahul Pandey",55700.0000
Chetan,1815.0000
"Rui Ge",2588.0000
"Mind Candy",644.0000
"Metin Ulusal",767.0000
"Ankush Singh",7394.3333
"Lori Copeland",1829.0000
"Laurence Olivier",744.5000
"Lou Binder",3133.0000
"Zelin Li",693.0000
"Ryoichi Wada",10612.0000
"Abhishek Dixit",7176.0000
"André Cédilot",1559.0000
"Mel Wallis de Vries",931.0000
"Chanchal Dabra",779.0000
"Payal Ashar",3032.0000
"Bruce B.L. Jurgens",83439.0000
"Jeevan Baby Mathew",1472.0000
"Michelle Halbheer",899.0000
"Carsten Juul Bladt",716.0000
"Tayfun Türkili",7787.0000
"Meriem Ben Mohamed",2609.0000
"Shyam Muraleedharan",2174.5000
"Mahboob Rahman",700.0000
"Sarah Montana",1135.0000
"D. Eric Maikranz",57632.0000
"Isoko Mochizuki",692.0000
"Joyzel Acevedo",6118.0000
"Hosein Amiri Doumari",3358.0000
"Jay S Arnold",18677.0000
"Rushikesh Turai",2255.5000
"Padmavathi Rajakakarlapudi",1386.0000
"Aleksey Permyakov",1255.0000
"Manju M Garhwal",3623.0000
"Alexandr Nazarov",1200.0000
"Martina Wildner",4274.0000
"Siphosethu Tshapu",1159.0000
"Priscilla Friedrich",1436.0000
"Otto Friedrich",1436.0000
"Aka Akasaka",697.3333
"Aleksandr Konovalov",5281.0000
"Yasuhiro Nakanishi",1537.0000
"L.H. Adams",41506.0000
Dollar,831.0000
"Kumo Kagyû",1800.0000
"Craig W. Sanger",43122.0000
"Suraj Majhi",831.0000
"Zhuzhu Chen",3926.5000
"Manuel Martín",5091.0000
"Manu Gopal",1137.2500
"Meharali Poilungal Ismail",1354.0000
"Nur Naquyah bt Burhanuddin",807.0000
"Aliya Nazlan",807.0000
"Arun Balaji",1152.0000
"Chris Eyerman",703.0000
"Christine Laurent",1963.3000
"Lorenzo Collalti",1445.0000
"Darya Pavlotos",966.0000
"Marina Maria Iorio",1199.0000
"'A.J.' Marriot",39226.0000
"Alice Urciuolo",1066.0000
"Ian Hayden",1213.0000
"Fredrik Høyer",688.0000
Manushyaputhiran,634.0000
"André Moreira Forni",943.5000
"Paulo Crumbim",943.5000
"Gang Wang",1817.3333
"David Kolbusz",3565.0000
"Arthur Brooke",680.6000
"Manuel Martín Ferreras",5091.0000
"Maciej Chwedo",775.0000
"Marta Hryniak",3249.0000
"Matthias Deiß",2292.0000
"Federico Fracchia",870.0000
"Elizabeth Kendall",99661.0000
"André Noël",1559.0000
"Enming Zhang",692.5000
"Katsuhisa Minami",2423.0000
"Piyaluk Tuntisrisakul",1108.0000
"Negi Haruba",864.5000
"Jesse Chatham",14425.0000
"Anna Ekberg",12366.0000
"Casey McQuiston",38978.0000
"Fermín Solís",785.3333
"Damien Knightley",1087.3333
"Ashraf Hamza",5612.0000
"Elizabeth Sanders",20694.0000
"Harald Oimoen",639.0000
"Joyce Smith",10681.0000
"Perrine Margaine",1012.0000
"Hemant k Bhatnagar",3072.0000
"Scott Wascha",34096.0000
"Alison Peck",14192.0000
"Vesela Toteva",1416.0000
"Bheem Srinivas",9242.0000
"Florence Goupil",6118.0000
"Dan Paul Lee",2300.0000
"Claire Keegan",8781.0000
"Vinay Chhawal",11177.0000
"Sebastian Bendix",1141.0000
"Jung Seo-Kyoung",3145.0000
"Michael Mallie",2712.0000
"Doug Wolfe",5917.5000
"Rosine Courtney Okie",1559.0000
"Mauro Boselli",861.0000
"Maurizio Colombo",861.0000
"Nick Morris",10267.3333
"Olga Rud",2154.0000
"Karan Vishwanath Kashyap",49640.5000
"Mansi Bagla",1602.0000
"Fatih Hocaoglu",18113.0000
"Lisa Owens",2494.0000
"F.H. Batacan",656.0000
"Liu Qingbang",2852.0000
"Colin Niel",7179.0000
"Mary Kay Andrews",1901.0000
"Jiuyue Xi",11966.0000
"Ponni Valavan",799.3333
"Masahiro Noda",1589.0000
"Leo Herrera",1946.0000
"Subhendu Dasmunshi",1139.0000
"Raúl Blanchet",2349.0000
Anamta-Amaan,704.0000
"Sameer Halim",1580.0000
"Jona Doug",663.0000
"Aji Peter Thankam",1020.0000
"Emma Nicholls",21091.0000
"Karim Hassan Beshir",1053.5000
"Yigua Xu",939.5000
"Margot Knijn",1993.0000
"Parinda Joshi",1586.3333
"Balaji K",1667.0000
"Sandra Philip",1644.0000
"Carl Rees",1264.0000
"Xu Lei",1059.0000
"Lou Du Pontavice",1129.0000
"Caera Bradshaw",949.0000
"Mykhailo Rud",738.0000
"Aykut Öztürk",1538.0000
"Elena Enache",663.0000
"J.A. White",10087.0000
"Yashodhan Kelkar",1866.5000
"Jeff Carpenter",1350.0000
"Lily Brooks-Dalton",87407.0000
"Hideo Furukawa",1894.0000
"Henricus Pria",1830.5000
"Babu Tamizh",634.0000
"Maciej Kazula",757.0000
"Genevieve Young",1561.0000
"Michael Kun",1004.0000
"Anita Hughes",888.5000
"Gregory D. Widmer",3437.0000
"Diana Budisavljevic",1522.0000
"Jonathan Lopez",5104.0000
"Bharathi Thambi",1990.0000
"Fahim Safar",1336.5000
"Alphonse Badolo",8407.0000
"Jack Fincher",80029.0000
"Stephen S. Thompson",744.0000
"Nhi Bui",996.0000
"Bibin Mohan",2576.0000
Sanjeev,8365.0000
"Santiago Genovés",1020.0000
"WooChul Jung",5075.0000
"WoongSub Ahn",5075.0000
"ChangWon Kim",5075.0000
"Yunyun Wei",8254.0000
"Charu Gupta",5932.0000
"Jeff Gatson",1457.5000
"Kou Yoneda",873.0000
"Imran Aslam",918.0000
"Nasser Aslam",918.0000
"Jeremy Trombetta",804.0000
"Corinna Halloran",1969.0000
"Sverre Bævre",667.0000
"Valentina Angelova",762.0000
"Francis Thomas",698.0000
"Marcelo Páez Cubells",799.5000
"Javed Haider Zaidi",706.0000
"Fengxiang Yang",1604.5000
"Antoaneta Opris",13110.0000
"Carmen Ballesteros",1094.0000
"Marta Medina",709.0000
"Edmond Minashvili",883.0000
"Nirmaan Dsingh",15798.0000
"Sua Shin",978.0000
"Anthony Metivier",21553.0000
"Ivan Illich",40507.0000
"Miguel Seabra Lopes",691.0000
"Pedro Cesarino",691.0000
"Alfred Kurian Joseph",3678.0000
"Nakaba Suzuki",1886.2500
"Jineesh K. Joy",921.0000
"Yiftach R. Atir",7200.0000
"Inam Hasan",2788.0000
"Jennifer Shirley",1764.0000
"Rebecca Ewing",57862.0000
"Pamela Diop",2427.0000
"Divya Narayanan",15647.0000
"Shabia Walia",1155.0000
"Christopher Ulaski",943.0000
"Leon Tomlinson",943.0000
"Brent Dillon",20592.0000
"Anthea Bell",13988.0000
"Eugen Cojocariu",663.0000
"Yonggan Yu",1322.6667
"G. Neri",9510.0000
"Mike Lachance",1050.0000
"Philippe Routier",1782.0000
"Haro Aso",4715.0000
"Alessio Vicenzotto",4115.0000
"K.G.R Ashok",21772.0000
"Thibault Valetoux",848.0000
"Rob Warren Thomas",1455.0000
"Bashir Badr",29945.0000
"Akbar Allahabadi",29945.0000
"Brij Narayan Chakbast",29945.0000
"Raghava Tiruvaipati",894.5000
"Kathryn Rhett",1096.0000
"A'Ziah King",16448.0000
"Ibrahim Asif Mirza",1144.0000
"Shaji Pallarimangalam",1339.0000
"Laoshi Yan",652.0000
"Ilona Ahti",1142.5000
"Blanka Lipinska",42409.3333
"Egerton Ryerson Young",11217.8000
"Sukhjeet Jaito",642.0000
"Florian Assous",1364.0000
"Ravi Kiran Kola",1734.0000
"Kexin Peng",1057.5000
"Ramashrit Joshi",9157.0000
"Carine Chaiban",5218.0000
"Alex Hall",784.0000
"Grzegorz Barlog",773.0000
"Gargi Mukhopadhay",921.0000
"Se-bom Kim",1119.0000
"Rahul Pandita",15402.0000
"Fritzi Adelman",21091.0000
"Hope Ramsay",1261.0000
"Sainath Ganuwad",1501.0000
"Lesley Ann McDaniel",822.0000
"Ravi Kumar",4436.0000
"Yô Watanabe",3589.0000
"Vali Dobrogeanu",3206.0000
"Quinne Larsen",2343.0000
"C.J. Carmichael",2505.0000
"José Enrique Macián",4197.0000
"Raisul Azam Moni",721.0000
"Yair Hizmi",800.0000
"Elizabeth Brundage",34767.0000
"Billy Reilly",848.0000
"Michael Baughan",848.0000
"Sam Sweet",5447.0000
"Eric Gardner",964.0000
"Carolina Nishikubo",1160.0000
"Keith Hemstreet",655.4000
"Gonzalo Ventura",769.0000
"Rafal Wos",1710.5000
"Rohan Ghose",769.2500
"Aastha Tiku",11462.0000
"Julien Colombani",2787.0000
"Yash Eshawari",704.0000
"Victoria Mas",3861.0000
"Megan Henry Herzlinger",743.0000
"Nathan Ballingrud",10507.5000
"Jocelyne Saucier",722.0000
"Kaiu Shirai",789.0000
Ufotable,38705.5000
"Fahim Mohammad",1716.0000
"Ying Shang",1432.0000
"Han-Kyul Kim",680.0000
"Mehmet Eroglu",1596.0000
"Shania Kumar",980.0000
"Danish Singh",5529.0000
"Vineeth Krishnan",1342.0000
"Magesh Boji",1342.0000
"Kyung-Eun Min",1140.0000
"Kristen Ashley",800.0000
"Manish Muradiya",1089.0000
"Ketan Bhagat",921.0000
"Yun-Cheung Kong",1059.0000
"Malysone Bovorasmy",3557.0000
"Se-hee Kim",776.0000
"Omer Levin Menekse",656.0000
"Abhilash Pillai",2393.6000
"Kedar Patankar",10952.0000
"Saeid Shahi",1285.2000
"Ding Xiao",2950.0000
"Ashif Kakkodi",1524.3333
"Chiara Palazzolo",2279.0000
"Mengdi Xiu",1083.0000
"Rikk Dunlap",2148.0000
"Satish Vegesna",997.5455
"Kelly Pascuzzi",1790.0000
"Min Kim",1032.0000
"Jak Jang",1028.0000
"Cao Sheng",969.0000
"Nikhil Vahid",3579.0000
"Rosa Parnake",1228.0000
"Sheng Lei",1752.0000
"Peng Li",1077.0000
"Kaihua Fan",938.5000
"Yuqian Qin",1752.0000
"Sara Gay Forden",151482.0000
"Erika Wilde",1584.0000
"Carly Phillips",1584.0000
"Chih-Chung Chien",1171.5000
Sudhas,3579.0000
"Chandrashekhar Dhavalikar",5992.0000
"Deborah Kay Davies",1366.0000
"Christine Demetriades",1347.0000
"Drew Johnson",8068.0000
"Garima Pura Patiyaalvi",3025.3333
"Félix Vidal",1148.0000
"Andre Case",1379.0000
"Jeff Allen Geare",1807.0000
Jatinder-Lall,730.7500
"Fariba Chesler",817.5000
Shalbin,1820.0000
Nebin,1820.0000
"Pradeep RishiRaj",5983.5000
"Adam Ellis",1416.0000
"Dileep Mishra",6156.0000
"Alys Murray",703.2500
"Crystal S. San Miguel",1514.5000
"Shahruddin Dali",1650.0000
"Bhat Pavan",763.0000
"Daphne Benedis-Grab",1198.0000
"Suzanne Nelson",1301.0000
"Jenny Meyerhoff",1044.0000
"Kate Birdsall",721.0000
"Alan Miller",1758.0000
"Joseph Beam",1758.0000
"Chris Harris",1758.0000
"Jeremy Zimmerman",46092.0000
"Jayanth Panuganti",3311.0000
"T. Prakash",7144.0000
"Kevin Major",1357.0000
"Terri Reed",1774.0000
"Mohana Krishna",1091.0000
"Miriam Bavly",755.0000
"Avinash Sampath",4989.0000
Kannan,9563.0000
"Meltem Çitci",751.0000
"Jason Rice",2618.0000
"John Rabe",6657.0000
"Jithin K. Jose",14244.0000
"Emily Burns",653.0000
"Tomasz Klimala",33686.6667
Poomani,32150.0000
"Sofia Andrukhovych",704.0000
"Prasoon Sukumaran",901.0000
SimpleMan,657.7500
"Pooja Tolani",50560.0000
Bululufu,896.0000
"Wang Ang",759.5000
"Vivekanand Kalaivanan",1481.0000
"Brigit Stacey",1479.5000
"Neil Spring",1035.0000
"Sunayana Dutta",1711.0000
"Hanasaki Kino",1779.0000
"Teja R.",4372.0000
"Karen Rose Smith",963.6667
"Jingjing Shen",34897.0000
"Noora Makhdoom",942.0000
"Renji Ooki",7362.0000
"Phanindra Bikkina",1294.0000
"Parasuram Srinivas",1294.0000
"Kiran Kumar",2411.0000
"Barbara Hinske",973.5000
"Sukorno Shahed Dhiman",6054.0000
"Benjamin Lane",892.0000
"Venu O.V.",1114.0000
"Kiran Lal M.",1114.0000
"Anuraj O.B.",667.0000
"Padmavathi Visweswar",6986.5000
"Abhayakumar K.",1220.2000
"Anil Kurian",723.3333
"Gopan Chidambaran",1180.3333
"Geo P.V.",1021.0000
"Xiang Li",983.0000
"Amith Mohan Rajeshwari",1047.0000
"Suresh Kumar Raveendran",1047.0000
"Vijesh Thottingal",1047.0000
"Dinis Santos",796.0000
"Ricardo Hernández Durón",812.0000
"Timon Singh",681.0000
"Philip R. Craig",873.5000
"Chandran Pachamuthu",10371.0000
"S. Krishna",5910.0000
"Narra Praveen",5763.0000
"Tan Yuli",991.0000
"Bon-han Gu",2338.0000
"Yoon-Seup Jung",2338.0000
"Yoon-suk Chae",2338.0000
"Danny Capuchin",978.0000
"Charlie Bryant",9865.0000
"Ratapong Pinyosophon",757.0000
Asg,831.0000
"Joeeta Sengupta",937.0000
"Kevin Salwen",94543.0000
"Liang Su",1958.0000
"Twinkle Agarwal",704.0000
"Elísabet Benavent",2607.0000
"Muhammad Al Muhammadi",1365.0000
"Puneet Chadha",2525.5000
"Tilly Tennant",642.0000
"Thomas Savage",187672.0000
"Tom Rose",20288.0000
"Hossein Hassani",1407.0000
"Manoj Rajan Tripathi",2314.0000
"Ji-Sun An",10818.0000
"Simon A. Arciaga",808.0000
"Caro Carson",1160.0000
Anusha,1452.0000
"Thomas Friedrich",830.0000
"A.K. Small",2723.0000
"Mehrdad Kouroshniya",2199.0000
"C.E. Feiling",1118.0000
"William Ross",1334.0000
"Lisandro Sanchez",7365.0000
"Adnan Yildirim",7787.0000
"Ugur Saatci",7787.0000
"Özlem Lale",7787.0000
"Raden Ahmad Kosasih",1141.0000
"Natsuki Kizu",2217.0000
"Tiit Aleksejev",1089.0000
"Evgeniy Kazachkov",664.5000
"Sumit Giri",1042.5000
"Bojun Zhao",1834.0000
"Kyung-min Bae",1448.0000
"Mi-Yeong Kim",3204.0000
"Mike Spreter",1528.0000
"Dimosthenis Papamarkos",1141.5000
"Kin-Hung Chan",1006.2857
ManikandanPriya,2557.0000
"Richard H. Best",910.0000
"Earl Gallaher",910.0000
"George Murray",910.0000
"R.A. Spruance",910.0000
"Vijay Eshwar",760.0000
"Jang-ho Bang",1050.0000
"Byeong-Chae Seo",1050.0000
"Yoon-sin Je",1050.0000
"Karthik Rapolu",1503.0000
"Xavier Parmentier",1716.0000
"Sophie Le Callennec",1716.0000
"Gerald Mamahit",1161.5000
"Nayanika Mahtani",9627.0000
"Rakesh Jadhav",924.0000
"Benazir Ali Fida",22786.0000
"Gi-Young Seong",939.0000
"Amina Grenci",1157.5000
"Michael Beard",1946.0000
"Jung-Ryeol Sin",1970.0000
"R.P. Bala",14244.0000
"Hani Kadour",5538.5000
"Aleksandr Kagarmanov",1408.0000
"H.B. Johannesson",3007.0000
"Vasundhara Sable",724.0000
"Shubhodeep Pal",5924.0000
"Aleksey Ilyushkin",702.0000
"Pawel Rzewuski",1322.0000
"Luke Goebel",10467.0000
"Sri Sai Durga",1877.0000
"Molly Davies",1366.0000
"Se-Young Lee",755.0000
"Yoon-Hyung Lee",755.0000
"Joo-Yeon Hwang",755.0000
"Cenap Güven",3393.0000
"Connor Brashier",2179.0000
"Sarghi Barring",849.0000
"Gourahari Das",1363.0000
"Fernando León González",252113.0000
"Randeep Chahal",1122.0000
"Marie Bostwick",1073.0000
"Ha-Yong Jung",2094.6667
"Bibhas Das",715.0000
"Sarah Wise",1610.0000
"Alexey Salnikov",2852.0000
Fabcaro,1211.0000
"Ravi Shankaran",4036.3333
"Sergio De La Pava",2806.0000
"Xuetao Shuang",1699.0000
"Even Jian",3078.0000
"Svyatoslav Rybas",704.0000
"Wen Chang",788.0000
"Yu-hui Chen",635.0000
"Greg Tocchini",12229.0000
"Gianina Carbunariu",692.0000
"Venkat Naresh Reddy",2336.0000
"Samantha Lienhard",4653.0000
"Lin Yang",767.0000
"Keisuke Sone",5299.0000
"Lindsay Dickens",785.0000
"Vanity Vercetti",1740.6667
"Paul La Farge",3730.0000
"Zi Ling",1562.0000
"Tatiana Mereñuk",964.0000
"Connor Wright",832.0000
"Sonja Massie",1044.0000
"Luca Fazzo",6804.0000
"Atul Kumar",2463.5000
Varma,694.0000
"Gopal Krishna",694.0000
"Anju Patel",1602.0000
"Nan Chen",11966.0000
"Man-Tsun Lo",1090.0000
"Harik Krishna",3843.0000
"Sandra García Nieto",833.0000
"Son Won-Pyeong",2070.0000
"Sven Stricker",933.0000
"Devadath Shaji",6272.5000
"Bill Lawrence",5122.5000
"Geum-San Jo",1139.0000
"John Brandon",13730.0000
"Erika Ellis",868.0000
"Neel Mani Kant",765.0000
"Qingshui Shi",1119.0000
"Anju Jamwal",2537.0000
"Pawel Rymarz",1914.0000
"Tim Ecott",3104.0000
"Hannah Mowery",3034.0000
"Salvador Victori",1258.0000
"Liu Bayin",963.0000
"Shanoor Mirza",22722.5000
"Angel Gardner",1202.0000
"Tobit Chirayath",714.0000
"Binulal Unni",1316.0000
"Vinoy Thomas",2865.0000
"Jong-kyu Yang",3479.0000
"Hwan-Hee Lee",3479.0000
"Sung-Hwan Park",3479.0000
"Nicolas Martin",654.0000
"Howard Kaplan",3173.0000
"Nikhil Nair",1772.0000
"Scott Murray",6629.0000
"Gurjeet Singh",1553.0000
"Yadhu Pushpakaran",1298.0000
"Eduard Naf",1050.0000
"He Bai",3207.0000
"Weiser Quay",1020.0000
"Akshay Poolla",851.6667
"W. Thomas",670.0000
"John Byrd",1896.0000
"Nick Papandreou",703.0000
"Rajkumar Janghare",1622.0000
"Soo-Mi Kim",2492.0000
"André Carl van der Merwe",3622.0000
"Carlos Lamela",700.0000
"Jean-Charles Ostoréro",7876.0000
"Kyle Travis Sharp",1914.5000
"Lance Sharp",3829.0000
"Nicci French",1112.0000
"Ramón Correa",1040.0000
"Luis Fernando Calderón",1040.0000
"Jo Seung-Hee",4685.0000
"Barry Jonsberg",650.0000
"Manoj Kalwani",2775.5000
"Rob Lederer",1547.0000
"Ryu Yong-jae",36217.0000
"Huang Dongbin",6756.0000
"Taylan Atalay",12233.0000
"Yan Gao",8698.0000
"Claudia Tan",2603.0000
"Omar Zuhdi",2054.0000
"Katarzyna Gacek",2117.0000
"Nicole Downs",781.0000
"Shouvik Banerjee",3021.0000
"Conor Stechschulte",1542.0000
"Samar Singh Chauhan",3162.0000
"Jay Walker",2262.0000
"Aadesh Raathi",4225.0000
"James Adams",5471.0000
"Ajay Vijayan",822.0000
"Vivek Chandran",822.0000
"Jang-Hwan Jung",1363.0000
"Sami Berat Marçali",2457.0000
"Adarsh Sukumaran",1909.0000
"Davide Lisino",704.0000
"Bruce Brown",2374.5000
"Renzo Podesta",2273.0000
"Thomas Boatwright",2476.0000
"Oleg Bogatov",1052.5000
"Mario Cruz",1605.0000
"Mahesh Iyer",1501.0000
"Yogesh Joshi",1501.0000
"Priyanka Poddar",796.5000
"Francis Thomas",1794.0000
"Prajakt Deshmukh",1723.5000
"Erich Kronte",1989.0000
"Dylanne Corcoran",6771.0000
"Ivo Milazzo",628.0000
Maryam,692.0000
"Tyler Clair Smith",1076.5000
"Nerea Bermúdez",982.0000
"Aryaa M. Mahesh",1095.0000
"Avinash Ghodke",6478.5000
"Vaibhav Vishal",9832.0000
"Fadua El Akchaoui",1186.0000
"Debbie Johnson",1976.0000
"Graeme Muir",2730.0000
"Jerome Olivier",717.0000
"Colin Barrett",6575.0000
"Ahmed Halim",1755.0000
Deepu,4133.0000
"Ryan Wai-Chun Ling",1807.2500
"Aoife H Kelleher",875.0000
"Josh Kim",892.0000
"Anuar Turizhigitov",739.0000
"Daniyar Soltanbayev",739.0000
"Il'yas Toleu",739.0000
"Shika Ogura",11330.0000
"Sarah DeLappe",29332.5000
"Rachel Murphy",909.0000
"Shokhi Banerjee",3713.0000
Muchuan,2214.0000
"T.K. Dayanand",1318.0000
"Franziska K. Müller",899.0000
"Panuwat Denice Inthawat",1602.0000
"Sukhdeep Singh Sandhu",869.0000
"Sheikh Al-Habib",14427.0000
"Nanami Kamon",1809.0000
"Gonzalo Berger",1214.5000
"Tyler Tice",86370.0000
"Posuka Demizu",789.0000
"Janardhan Pasumarthi",1997.0000
"Marie Talon",2154.0000
"Arun Janardhanan",829.0000
"Cho Nam-Joo",4071.0000
"Shyam Selvadurai",970.0000
"Sandeep Prabhu",1622.0000
"Gege Akutami",29293.0000
"Satyadev Janga",14607.0000
"Nathan Cowles",1427.0000
"Andrew Fein",1427.0000
"Yu Bu",2619.0000
"Jae-Hoon Ahn",1156.0000
"Elísio Lopes Jr.",2225.0000
"Mallarapu Kumar",1040.5000
"Tripurari Kumar Sharma",2073.0000
"Anaz Bin Ibrahim",3425.0000
"Obeth S. Thomas",3425.0000
"Steven Klein",27459.0000
"Toom Venkat",2732.0000
"Sreejith Divakaran",1107.0000
"Max Booth III",3510.0000
Guruvaran,7336.0000
"James Frazier",771.0000
"Shannon Stacey",696.0000
"Maria Pulawska",833.0000
"Abdullah Raaj",1628.0000
"Lorenzo Ura",3318.0000
"Patrizia Fiorellini",3318.0000
"Scarlet Wilson",1302.0000
"Hanno Pinter",1456.0000
"Ganesh Kumar Ravuri",943.5000
"Raaju Bonagaani",2364.7500
"Vivencio R. Jose",2423.0000
"Shari Sharpe",1011.0000
"Harsh Kanumilli",1317.0000
"Cezary Lazarewicz",1737.0000
"T. Booker James",827.7500
"Sumaquel P. Hosalla",2423.0000
"Robert H. Oliver",653.8000
"Leo Hong",911.0000
"Pedro Javier",2423.0000
"Ayman Asib Shadhin",655.0000
"Renjith Ravindran",634.0000
"Barbara Hannay",640.0000
"Rajnikanth Kota",1240.0000
"Bayu Kurnia Prasetya",663.0000
"Alok Jha",63215.0000
"Pranay Vivek Patil",63215.0000
"Nagesh Bharadwaj",6664.0000
"Chen Zhan",685.0000
"Lizzie Presser",1509.0000
"Sumeet Bishnoi",19709.0000
"Jenna Palermo",732.0000
"Thacker Hoffman",1634.5000
"Nelson Dilipkumar",5735.0000
"Aneesh Sahadevan",1144.0000
"Sreejith Sasidharan",1144.0000
"J.D. Ellis",1094.0000
"Akshay Hareesh",2494.0000
"Anne Abramowitz Junget",894.5000
"Gonzalo Delgado",925.0000
"Victoria González",3836.0000
"Ahmed Osman",1752.0000
"Laurie Fox",646.0000
"Bhanu Bhogavarapu",634.2500
"Fern Michaels",1277.0000
Geevee,7237.0000
"Patrycja Mnich",1128.0000
"John Collins",1715.0000
"Kashinath Singh",1888.0000
Apsar,2044.0000
"Michael Elliot",2319.0000
"Cankat Vatanandiran",667.0000
"Coby Gilyard",2278.0000
"Han Li",779.0000
"Suman Ankur",9270.0000
"Khandelwal Shashank",9270.0000
"Kasidej Sundararjun",1387.0000
"Apinnat Chanbunsai",1387.0000
"Julia Kogan",58472.0000
"Habacuc Antonio De Rosario",898.0000
"Emily Schmitt",944.5000
"P. Shijith",5762.0000
"Nick May",22514.0000
"Rinish Ravindra",11905.0000
"Rajiv G. Menon",5952.5000
"Joe Derrick",26677.0000
"Maria Pevchikh",2351.0000
"Jun-Seok Heo",6611.0000
"Berikbol Sabyrzhanov",658.0000
"Francesca Forristal",2443.0000
"Devon Rose",7810.0000
"Pradeep Srivastava",679.0000
"Janiz Chacko Simon",2101.0000
"Scott K. Andrews",1164.0000
"Kiran Jay Kumar",3837.0000
"Marzanna Polit",3734.0000
"Matthew Jacobs",659.3333
"Stepan Oleynik",2796.0000
"Amélie Philippe",1091.0000
"Mallik Chintakunta",1605.0000
"Seung-min Yoon",27758.0000
"Seo-ae Yoo-Kang",27758.0000
"Dale Effren",984.0000
"Sk Sachin",1362.0000
"Jenna Glatzer",1309.0000
"Ho-Shui Li",886.0000
"Ali Ghaleb",658.0000
"Ashiq Aimar",2673.0000
"Mithlesh Kaushik",21028.0000
"Nguyen Truong Nhan",2253.3333
"Sudheer Varma P.",640.6667
"Luisa Mascarenhas",1009.0000
"Ravishankar P.T.",12545.0000
"Jeff Gass",1241.0000
"Choong-Ryul Hyun",1073.0000
"Shreenidhi Ds",2243.0000
"Brandon Reavis",22514.0000
"Ramón González",631.0000
"Jimmy Satish Hasija",2930.0000
"Vaishali Naik",692.0000
"Michael Scott",2219.0000
"Amit Tiwari Anand",2576.0000
"Ed Hobbs",3198.0000
"Mohammad Mahadi",1002.0000
"Louise Jordan Miln",697.0000
"Ravi Prakash Bodapati",668.0000
"The Gordons",1529.0000
"Yves H.",9085.0000
"Essam Bukhary",1205.0000
"Amr Almaddah",1205.0000
"Ho Thuc An",984.0000
"Suresh Kothapalli",1787.0000
"Patricia Grace",637.0000
"Andreea Chelesu",748.0000
"Pongset Laksamipong",2152.0000
"Jennifer Clement",1903.0000
"Abhishek Khairkar",4399.0000
"Nikolay Gromov",1050.0000
"Rakesh Kuriakose",930.0000
"Kamer Evren",7527.3333
"Bharath Savithri Divakar",879.0000
"Winston McDonald",944.0000
"Camille DeAngelis",50854.0000
"Philip Villa",2665.0000
"Jill Waas",2103.0000
"Olivier Massart",1835.0000
"Nadiah Riebensahm",1556.0000
"Jacob D. Wehrman",1718.0000
"Pavel Vinogradov",659.6667
"Samragnee Bandyopadhyay",700.3333
"Kanna Kii",2351.0000
Mohansato,770.0000
"Pamela Rice",719.0000
"Shaji Maarad",1847.0000
Shreemani,1811.0000
"Frank Salcido",4796.0000
"Soo-Young Hong",645.0000
"Evgeny Eronin",13215.0000
"Aleksandr Kim",6797.0000
"Ashish Mehta",1998.0000
"Ariana Godoy",4832.5000
"Kit Lesser",8602.0000
"Li Shuxing",4337.0000
"Olga Rodriguez",1884.0000
"Tabi McCartney",6576.0000
"Lam Kay Toa",24532.0000
"George Michael Phillips",905.0000
Srinadh,1085.0000
"Ching Nakamura",2354.0000
"Vasanth Maringanti",2686.0000
"Krishna Prathyusha",2686.0000
"Mehdi Namjoo",2171.0000
"Mohammad Sadegh Bagheri",2171.0000
"Marie Bregendahl",648.0000
"Nischay Kutt",18535.0000
"Keith Blum",21197.0000
"Ruchita Chatterji",1142.3333
"K. Palani",1784.0000
"Jimmy Rampal",1764.5000
"Nasir Meherali",1320.0000
"Rebel Ravi",4419.0000
"G. Jayakannan",875.0000
"Chris Maes",944.0000
"Yang Yu",2725.5000
"Hasse Steenssens",1790.5000
"Robert Knuckle",11329.0000
"Tove Forsman",1107.0000
"Amanda Wendler",10895.0000
"Libby Alexander",10895.0000
"Khila Bisht",56934.0000
"Vivek Desai",1320.0000
"Jenny Jägerfeld",689.0000
Misty,1632.0000
"Jessica Scott",5802.0000
"Ganesh Hegde",8014.0000
"Hari Mohana Krishna",7316.0000
"Jitesh Vasani",1126.0000
"Jobaed Ahsan",1187.6667
"Abdulxafar Abdulla",673.0000
"Luqman Sukhanwar",673.0000
"Venu Madhav Peddi",1100.0000
"Eric Gregory",8583.0000
"Krushna Hari",4663.0000
"Martín Erazo",1736.0000
"Oliver Kindeberg",1642.0000
"Peter Middleton",1642.0000
"Ellie Carpenter",1350.0000
"Bipin Ragu",5672.5000
"Richard Montanez",13043.0000
"Jack Cross",4666.0000
"Vineeth Potluri",7316.0000
"Yanala Siva",1860.0000
"Bibin Maliekal",6684.0000
"Kittitat Nokngam",1730.0000
"Emran Hossen",2871.0000
"Suman Adhikary",10237.0000
"Shivam Bajpai",23952.0000
"Abdelrahman Yasser",1475.3333
"Srinivas Chakravarthy",986.0000
"Shanmuga Sundaram",2285.0000
"Deeki Deke",1129.0000
"Claudine Galea",1725.0000
"Alexey Timoshkin",1488.0000
"Kim Askew",1432.0000
"Amy Helmes",1432.0000
"Sreenath V. Nath",4387.0000
"Vikram Singh",1196.0000
"Pratchaya Thavornthummarat",2152.0000
"K.R. Krishna Kumar",2475.0000
"Senaryo Ekibi Rafadan",20596.0000
"Sreenath Reddy",2113.0000
Nani,2113.0000
"B.K. Radha Krishna",824.5000
"Pruthvi Teja",758.0000
"Raul Gheba",996.0000
"Arpita Chatterjee",2030.5000
Tmr,2081.0000
"Randi Fuglehaug",1580.0000
"Lee Gye-Wook",3094.0000
"A.R. Tagore",2139.0000
"Jenny B. Jones",7748.0000
"Kaden Selvidge",17363.5000
"Ge Jing",1167.0000
"Alexander Dorbinyan",1064.0000
"Maël Le Garrec",895.0000
"Aditya Shastri",9360.0000
"Vladimir Solovyov",1330.0000
"Kirsten King",8797.0000
"Muthu Cheziyan",8853.0000
"Umesh Sharma",661.0000
"Prashant Jha",7524.0000
"Chung Justine",1445.0000
"Lee Mizi",1445.0000
"Chris Kemper",631.0000
"Vihar Padala",2673.0000
"Tamizh Prabha",8153.3333
"Nagira Yuu",670.0000
"Veda Vyas",1673.0000
"Fawad Hai",2365.0000
"Sk Unus Ali",1089.0000
"Shima Mohmmadbeygi",1702.0000
"Nguyen Ngoc Thach",1172.0000
"B.L. Babu",2124.0000
Vipanchi,3322.0000
"Vandana Tiwari",1052.5000
"Jan Stola",1084.0000
"Malcolm Xd",1084.0000
"Abhijeet Das",1752.0000
"Soumyajit Roy",1752.0000
"Christiana Oliveira",1300.0000
"Krishna Naroju",15647.0000
"Kasi Viswanath Nagubandi",2042.0000
"Caridad Piñeiro",951.0000
"N. Bhaskaran",4429.0000
"Varadaraj Chikkaballapura",35387.0000
"Chelangad Gopalakrishnan",1491.0000
"Pooja Bhavoria",24805.0000
"V. Madhava",956.0000
"Navin Sundaramurthy",3595.0000
"Mohamed El Hafnawy",1755.0000
"Packiaraj Ramalingam",898.5000
"Karthick Krishna C.S.",852.0000
"Amy Cheung",625.0000
"Nicola Louise Taylor",5880.0000
"Atul Kumar Rai",1420.5000
"Martin Tomlinson",844.0000
"Sung-bin Jeon",713.0000
"Jung-hwa Jo",713.0000
"The Baozou Family",18842.0000
"Yoo-Sung Hong",2233.0000
"Olivier Lemaire",2080.0000
"Gopal Mudhane",2044.0000
"Pauls Toutonghi",5654.0000
"Kemal Varol",2848.0000
"Young-Joon Ha",861.0000
"Prajwal Chandrashekar",6830.0000
"Tim Roxborogh",5416.0000
"Grant Chastain",3495.0000
"Anantha Shandreya",825.0000
"Raghavendra Mayakonda",825.0000
SureshKumarKusireddy,3242.0000
"Sha Song",880.0000
"Hammour Ziada",2581.0000
"María Luisa Calderón",1236.0000
"Amar Bhushan",2539.0000
"Vasantha Kiran",1860.0000
"Elena Valdez",1512.0000
"Dulal Lahiri",2286.0000
"Min Yu",805.5000
"Harinder Kour",1556.0000
"Sabarivasan Shanmugam",1935.0000
"Rutham Samar",63416.0000
"Raveesh Nath",1349.5000
"Phva Sanjeevi",8387.5000
"Sreeparna Mitra",2669.0000
"Carl Ludwig",674.0000
"K. Raja Shekhar Reddy",4132.0000
"Sébastien Fernandez",984.0000
"Nidhish G.",1847.0000
"M. Salim",1100.0000
"Rajat Arora",2296.0000
"Vivek Bele",814.0000
A.i,1624.0000
"Ed Alan",2717.0000
"Tanojkumar Meshram",2631.0000
"Joshua Whitehead",1032.0000
"Thrissur Gopalji",678.0000
"Chika Tôjô",1447.0000
"Bethan Roberts",20497.0000
"Ivp Trajkov",1267.0000
"Aradhana Sah",6312.3333
"Tim Cooke",1316.0000
"Arif Hossain",1661.0000
"K.N. Vijay Kumar",10134.8571
"Olivier Bouchara",657.0000
"Padmavathi Malladi",9369.6000
"Jay Krishna",21365.0000
"Jay Krishnan",2892.0000
"Morten Dürr",672.0000
"Nagaraju Maduri",3043.0000
"Sudharshan Narasimhan",871.0000
"Balaji Kesavan",1757.0000
"Ashiq Akbar Ali",1176.0000
"Edie Grace",1237.0000
"Raaghav Vinay Shivagange",94288.0000
Fuse,1401.0000
"Kirti Deghatak",35364.0000
"Vijaysinh Gol",20293.0000
"Bharti Suryavanshi",1047.0000
"Emma Claire Martin",1138.0000
"Turki Al Alshikh",1764.0000
"Bharath Pacha",1160.0000
"Abd-Elhamed Emad Taha",2650.0000
"Maxime Rabault",5106.0000
"Satish Aketi",1007.0000
"Amin Nawabi",18714.0000
Moegara,980.0000
"Praneeth Vijayan",1266.5000
"Ajeesh P. Thomas",840.0000
"Reshma Ramachandran",1962.0000
"Aito Aoyagi",1105.0000
"Issac Basil",956.0000
"Raju Nagamani",1986.0000
"Sharma Uday",1986.0000
"Suryapal Singh",13185.0000
"Dilip Mohan",628.0000
"Jessica Parker",1456.0000
"Hesam Sameri-Zadeh",742.0000
"Andy Sandberg",1215.0000
"Scotty Atkins",55270.5000
"Dev Rangabhumi",1079.0000
"Arno Meyer zu Künigdorf",4250.0000
"Ajit Jagtap",891.5000
"Ezhilarasu Gunasekaran",24367.0000
"Honglu Liu",2619.0000
"Yupeng Guo",2619.0000
"Winnie Benjamin",802.0000
"Indiana Lista",2926.6000
"Michaela Wesely",2278.0000
"Carolyn Keene",2167.5000
"Ian Southwood",1045.0000
"Emma Briant",12373.0000
"Lu Jia",1364.0000
"Ata Cilli",1016.0000
"James D Hughes",1034.0000
"Sanjeev Tiwari",681.0000
"Peter Steinfeld",73591.6667
"Simran Sahni",14954.0000
"The Gawain Poet",14226.2500
"Ruka Kosaka",1086.0000
"Rajendra Sapre",48878.2000
"Sandeep Raj",2855.0000
"Anirudh Paka",1343.0000
"Charles Monroe King",2597.0000
"Vamsi Balapanuri",680.0000
"Brooklyn El-Omar",16223.0000
Hrishikesh,2308.0000
"Jane MacDonald",2481.0000
"Celil Cavanshir",2111.0000
"Youssef Emad",708.3000
"Challa Bhagyalakshmi",11542.0000
"Andrew Lokenauth",1170.3333
"Ahmed Mohamed Salem",1037.5000
"Yildiz Bayazit",2760.5000
"Lori Wilde",1238.0000
"Julian Kijowski",1128.0000
"Rajani Rajababu",781.0000
"Mukul Verma",951.0000
"Kyuichi Tsuji",4793.0000
"Mostafa Ajvadi",794.0000
"Khizar Jahangir",1856.0000
"Tatsuki Miyazawa",940.0000
"Catherine Kidd",6259.0000
"Hyun Ho Yoon",4276.0000
"Rei Rairaku",940.0000
"Xavier Alex",1375.0000
"Shah Alam",2018.0000
"Mei Hachimoku",1116.0000
"Chun Sung-il",4418.0000
"Kim Min-soo",695.0000
Palaspandiras,3920.0000
"Marine Autexier",1331.0000
"A.R. Prabhav",41513.5000
"Narendra Sharma",13037.0000
"Rani Burra",13037.0000
"Bae Young-Ik",815.0000
"Bernard Cendron",2587.0000
"Tamizharasan Pachamuthu",1506.0000
Divyanka,2302.0000
"GJ Deshmukh",11542.0000
Bhardwaj,1990.0000
"Zac Bissonnette",7073.0000
"Cheung Gam Hung",1597.0000
"Cameron Larson",1186.0000
"Rahul Kale",8830.0000
"Wajid Shaikh",19873.1429
Kalpradah,2338.0000
"Shuyi Gu",1502.0000
"Vimal Gopalakrishnan",5350.0000
"Caroline Michel-Aguirre",877.0000
"Tim Gwynn",765.0000
"Pam Bales",8026.0000
"Yukako Kabei",940.0000
"Hideyuki Furuhashi",940.0000
"Ramu Nunna",1363.0000
"Rachit Yadav",4402.0000
"Lee Yong-jae",841.0000
"Jonathan Cohen",1458.0000
"Jasmine Leigh",1256.0000
"Hrishikesh Bhaskaran",1260.0000
"Afshin Kamran Bahrami",21546.0000
"Rebecca Connor",16796.0000
"Margarita Matthews",1059.0000
"Sabelo Mgidi",4366.0000
"Gretchen Cowan",846.0000
"Che-Wei Chang",18593.0000
"B.R. Rajashekhar",1161.0000
"Shoji Takao",2521.0000
"Max Turell",2495.0000
"T. Laresca",761.0000
"Toriqul Islam",673.0000
"Nika Heinrich",1119.0000
"Oskar Minkler",1119.0000
"Aneel K. Reddy",863.0000
"Md Korshad Alam",740.0000
"Manivannan Balasubramaniam",873.0000
"Arpita Mukherjee",4542.0000
"Hariharan Raju",6491.0000
"Iselin Theien",1568.0000
Raminpasyar,1669.0000
"Franklin Sioux Bob",1949.0000
"Bill Reddy",1949.0000
"Shôgo Sugitani",1016.0000
"Diane Mott Davidson",762.5000
"Elénore Gurrey",915.0000
Edukondalu,1085.0000
"Vasudev Reddy",9360.0000
"Krishnan Hariharan",21224.0000
"David J. Carrow",1688.0000
"Himanshu Tripathi",8003.5000
"Jyotsna Hariharan",866.0000
"Alan Scott Haft",5534.0000
"David Thollander",1579.0000
VenkatKacharla,2223.0000
"M A Kennady",1193.0000
"Paulo Lopes Graça",823.0000
"Horace Pippin",947.0000
"P.S. Subramanian",1550.0000
"Wissam Sabri",984.0000
"Pierre Pouchairet",1875.0000
"J. Davin",830.0000
"Ravi Kiran",9698.0000
"Gautam Siddharth",8255.1852
"Balvinder Kaur",1608.0000
Basheer,1364.0000
"Farooq Mir",1916.5000
"Ali Lucknowi",3221.0000
"Vijayarani R. Gupta",629.0000
"Syam Lenin",916.0000
"Mona Arya",3461.0000
"B.S. Nirmal Raj",1108.0000
"Augusta Gore",54720.0000
"Peter Smirnakos",2463.0000
"Abhay Dev Puri",1521.0000
"Aashish Pawaskar",1521.0000
"M. Suyanto",3051.0000
"Min-Seong Kim",9043.0000
"Rachael Thoele",838.0000
"DJ Détonateur S",638.0000
"Pierre Le Coz",8272.0000
"Pratik Dutta",1331.0000
"Jon Allison",778.5000
"Eivind Sæther",688.0000
"Marianna Pochron",754.0000
"Naser Abdulrahman",671.0000
"Bharani Gopinath",884.5000
"Henry Stenberg",2844.6667
"Oscar Andreani",673.0000
"Raúl Aragón",673.0000
"Osvaldo Baratucci",673.0000
"Mariano Cazeaux",673.0000
Fengxishenlei,2115.0000
"Bharat Kumar Pogula",2076.0000
"Wayne R. Whitley",1125.0000
"Tashena Ebanks",1821.0000
"Mohan Srivatsasa",1902.0000
"Nasir Zaman",4074.6667
"G. Deepak",688.0000
"M Chandramouli",22947.6667
"Andreas Malm",6801.0000
"Chucen Zhou",1083.0000
"Xiaohan Han",1083.0000
"Drew Asparagus",5014.0000
"Suzie Miller",751.0000
"Can Anar",1415.0000
"Raghav Mirdath",681.0000
"Ravi Shanker Mantha",1998.0000
"Kamal Shukla",2058.0000
"Rodolfo Palacio",9723.0000
"Nikhil Ravindran",2368.0000
"Vineeth Jose",2368.0000
"Jenna Evans Welch",6169.0000
"Mohamed Khaled",1555.0000
"David Chariandy",804.0000
"Aneesh Anjali",2909.0000
"Debbie Mason",1429.0000
Welzard,3232.0000
"Katsutoshi Murase",3232.0000
"Selen Bagci",2288.0000
"Gavo Amiel",1575.0000
"Mohamed Nasser Hamza",817.6000
"Fiona Rosenbloom",19961.0000
"James M. Bear",788.0000
"Aman Puranik",2826.0000
"Shweta Bothra",2826.0000
"Kim Se-hwi",823.0000
"Toufiq Hasan Kiron",1052.0000
"Hardev Singh",1083.0000
Jimmi,1083.0000
"Manila Rattan",997.5000
"Kerolos Ayman Fawzy",644.0000
"Shivashis Banerjee",3211.0000
"Hassan Essam",952.0000
"Nicolás Gueilburt",991.0000
"Mykola Voronin",4900.0000
"Abir Ahmed",1043.0000
"Rubesh Rain",1095.0000
"Will Patching",1083.0000
"Ranjith Unni",661.0000
"Renji Asai",790.0000
"Karthik Rajan",888.0000
"Kim Min-sung",3128.0000
"William Laurent",702.0000
"Sunil Dhawan",3396.0000
"Beth Labonte",702.0000
"Raj Kumar Kandamudi",63416.0000
"Vasudev Muneppagari",3990.0000
"Mandip Gautam",2641.0000
"Anthony Khatchaturian",1088.0000
"Rafi Warsi",8499.0000
"Swati Biswas",946.0000
"Arvinder Kaur",661.0000
"Jerry Todt",955.0000
"Moira Dewil",1232.0000
"Nazareno Obregón Nieva",1371.2308
"Sooraj V. Dev",776.0000
"Jacquie McNish",23294.0000
"Luuk Ornstein",824.0000
"Girvani Dhyani",4096.0000
"Kausar Munir",4096.0000
"Mercedes Ron",18485.0000
"Gautam Verma",5035.0000
"Tatsuro Mishima",2357.5000
"Naresh Paruchuri",2061.5000
"Sunil Ponnam",2057.0000
"Ryan Bruce",700.0000
"Susan Wille",700.0000
"Heung-Yong Park",787.0000
Agnidivya,2264.0000
"Quang Hung Ho",1193.0000
"Avinash Pathak",7850.0000
"Ravi Sri Durga Prasad",2057.0000
"Rs Arif Hossain",1002.0000
"Manish Mundra",6477.0000
"Haider Rizvi",6477.0000
Samah,6477.0000
"Tori Rose",5904.0000
"Manav Mahapatra",3310.0000
"Luanna Guimaraes",825.0000
"Michal Matejkiewicz",1322.0000
"Islam Osama",1445.0000
"Aradhana Sah",9002.0000
"Saeed Koohzad",2163.0000
"Barbara Dunlop",1034.0000
"Ajay Nali",3266.0000
"Nashid Mohamed Famy",4482.0000
"Ajith Kumar",4482.0000
"J.T. Molloy",24293.0000
"Ivan Zamorov",1215.0000
"Vyacheslav Omutov",1437.0000
"Hetty van de Rijt",655.0000
"Frank Plooij",655.0000
"Mustafa Boudellah",655.0000
"Anton Zimin",688.0000
"Aleksey Nagin",688.0000
"Thanaram Prameboon",726.0000
"Shanil Guru",98481.0000
"Sanjeev K Rajat",5293.0000
"Im Seong-soon",1796.0000
"Fazal Hameed",2018.0000
"Je-Gyun Yoon",1796.0000
"Annabelle Costa",1310.0000
"Jonas Wagner",21546.0000
"Murtaza Mehdi",1380.0000
"Ai Orii",6931.0000
"Johnny Onda",6931.0000
"Chenguang Qian",1487.0000
"Si'ao Dai",1487.0000
"Yuyue Shen",1487.0000
"Seok Jo",1487.0000
"Timothé Le Boucher",2340.0000
"Chiara Parenti",1066.0000
Roju,7237.0000
"Mary Yost",3282.0000
"Priya Das",838.0000
"E.S. Dolan Dix",964.0000
"Cameron Mitchell",1324.0000
"Mohammed Algarawi",1586.5000
"Bingbao Lin",1503.5000
"Akhil P. Dharmajan",9476.0000
"Rayud Bandi",2047.0000
"Dana Schwartz",671.0000
"Trieu Hoang My",1088.0000
"Fatemeh Doost Fatemeh",1053.6667
"Sagruti Wadke",1682.0000
Mokssh,2163.0000
"Aleksandr Segen",1310.0000
"Arjun Narayanan",859.0000
"Safi Quadri",1128.0000
"Sonali Jain",11410.0000
"Rosario Gorgone",2385.0000
"John Jordan",6721.0000
"Saumya Tiwari",11410.0000
"Narayana Sri",1065.0000
"Maruf Ahmed",1363.0000
"Fethi Baser",1022.0000
"Tiruvarur K. Thangaraj",703.0000
"Claire Moorsom",4142.0000
"Yasemin Erturan",1672.0000
"Joe O'Curneen",660.0000
"Yasemin Erturan",1672.0000
"Nancy Ayers",831.0000
"Joan Kilby",831.0000
"Kalyan Varma",7347.0000
"Gajjala Sai Reddy",7347.0000
"Vakkanthal Chaitanya",7347.0000
"Bilal Kivrak",11944.0000
"Shin Sawada",790.0000
"Robert Louis Stevenson",4084.0000
"Yuri Alikov",4084.0000
"Ju-Yeon Son",1422.0000
"Marc Vautour",1190.0000
"Suttipong Muttanavee",2064.0000
"Gangothri Viswanath",3415.0000
"Brandon Smith",748.0000
"K Dasaradh",6431.0000
"S. Srikanth",2966.0000
"Writer Bhaiya",13022.0000
"Danni Hodson",2180.0000
"Jason James",983.0000
"Aleksey Nikolaev",1408.0000
"Gyu-Ri Hyun",701.0000
"Jack Casey",677.0000
"Priscilla Gonsalves",9053.0000
"Subhadeep Das",1099.0000
"Manu Thodupuzha",1101.0000
"Muhammed Shafi",2637.0000
"Jyothish M.",1135.0000
"Sunu A.V.",1135.0000
"B Sathish Kumar",1569.0000
"Ravi Kumar Bhuma",2662.0000
"Cyrille Lopez",4800.0000
LB,4800.0000
"Lizzy Goodman",1368.0000
"Kishore Sri Krishna",1618.0000
"Varun Suri",951.0000
"Zach Phillips",751.0000
"Bon-Han Koo",3113.0000
"Ed Arnold",11329.0000
"Santosh Murarikar",1750.0000
"Kang Hyun-joo",768.0000
"Qianying Xie",2131.0000
"Lee Han-bin",847.0000
"Carmela Covino",7815.3333
"Anna Szczypczynska",949.0000
"Katie Garraway",663.0000
"Mehmet Tutkun",14469.6667
"Lizzie Shane",795.0000
"Harald Kraume",756.0000
"Til Sipkovich",756.0000
"Sheng Lingzhi",1642.0000
"He Ben",1642.0000
"Chen Li",1642.0000
"Abhay Budki",7850.0000
"Paul Antony",1784.0000
"Shiqi Shen",646.0000
"Chak-Foon Sam",767.0000
"Nandu Savirigana",699.5000
"Anslavs Eglitis",640.0000
"Rajesh Varikkoli",647.0000
"Keiko Ogasawara",847.0000
S.U.Mariselvan,674.0000
Jagajeevan,674.0000
"Lejing Shen",1642.0000
"R. Mani Rao",798.0000
"Rajendra Vaitla",3043.0000
"Satyum Gupta",17310.0000
"Huang Yen Chiao",650.0000
AbhishekSinha78,2683.5000
"Jon Muñoz Otaegui",1216.0000
"Abhishek Sinha",1575.0000
"Aditya Verma",1048.0000
Deepu,7435.0000
"Julian Franco",2878.0000
"K.P. Thirumaaran",880.0000
"Laure Badufle",5777.0000
"Hiranmaye Kalyan",1902.0000
"Brian Smith",2923.5000
"Christopher Salazar",677.0000
"Leslie Proctor",677.0000
"Jean-Pierre Carrasso",1167.0000
"Tanzir Islam Britto",4521.7143
"Sorif B. Mahmud",8502.4286
"D. Arul Chezhiyan",2232.5000
"Oliver Yip",890.5000
"Malcolm Wilkins",666.0000
"R.S. Ramakrishnan",9396.0000
"Michael Jones",6540.0000
"P. Gangadhar",2007.3333
"Jassi Lohka",952.0000
"Fakir Muhammed",683.0000
"Alfred Prakash",7373.0000
"Shiva Mokka",6431.0000
"Edward Allen",834.0000
"Shehan Karunatilaka",2011.0000
"Rajeswari Panigrahi",2135.0000
"Xiao Wen",1287.5000
"Rui Li",2445.0000
"Sunil Gandhi",7176.0000
"Kanchhan Srivas",3376.0000
"Guan Gui",1100.0000
"Rajesh Gupta",1191.0000
"Kunal Solanki",1191.0000
"Vidhyanand Kadukar",1191.0000
"M R Varma",4133.0000
"SJ Arjun",998.5000
"Boya Jangaiah",1038.0000
"Frank Henry",1915.0000
"Philippe Roux",1915.0000
"Judy Montanez",13043.0000
"Susan Silver",875.0000
"Adarsh Jaunpuri",2433.0000
"Hriday Singh",951.0000
"Gargee Singh",9360.0000
"Natalia Osinska",925.0000
"Hee-Chan Lee",828.5000
"Sandeep SP",1230.0000
"Noraiz Nafi",35973.0000
"Suraj Pal Rajak",1088.0000
"Reem El-Qamash",1037.0000
"Kotaro Takata",4715.0000
"Srivathsa Rao",1021.0000
"Giorgia Iannone",5466.0000
"Suhrita Das",3916.0000
"Ravi Rajput",5762.0000
"Mahesh Kumar",951.0000
Kashi,2686.0000
"Sujeet Kumar Gupta",927.0000
"Nick Ghezzi",1307.0000
"Kirsten Guenther",3977.0000
"Ángeles Doñate",1134.0000
Ma.Kamadhurai,709.0000
"M. Vediayappan",709.0000
"Russ Friedman",1435.0000
"Abbas Jahangirian",1112.5000
"Raknil Avro",712.0000
"Abdulaziz Al-Muzaini",2389.0000
"V.V. Shirwadkar",6084.0000
"Yixiong Yin",1502.0000
"Karleah J. Morgan",1086.0000
"Ryu Sun-gyu",897.0000
"Shatha Saber",19089.0000
"Barnet Fishbein",2616.0000
"Udhay Pottipadu",2060.3750
"Robin Paul",825.0000
"William Wingate",3462.0000
"Akshat Trivedi",6318.0000
"Ravi Ra",3204.0000
"Mehmedalia Bojic",1762.0000
"Anudeep Yeddu",1891.0000
"John Glennie",3243.0000
"Jane Phare",3243.0000
"Raghupathi Reddy",1291.0000
"Ramesh Eligeti",1308.0000
"Lai Chih-liang",3812.0000
Sreevathson,2094.0000
"Gabriel Clarke",29102.0000
"VV Vamanrao",1629.0000
"Abdul Rafay Chandio",11984.1429
"Igor Aptekman",4472.8571
"Harnav Bir Singh",5117.0000
"Ranjan Pramod",4759.0000
"Parida Manomaiphibul",1602.0000
"Ariel Blanco Uz",805.0000
"Balagangadhar Srikakulapu",1078.5000
"Luc Jacamon",938.0000
"Gundu Shetty",2057.5000
"Pavan Kadiyala",4208.0000
"Lee Shin-ji",1474.0000
"Ramu Kona",2038.0000
"Varun Agarwal",676.0000
"Uros Bor",4683.5000
"Stephen Oliver",1533.0000
"Nagendra Seethkal",1101.0000
"Júlio Pessoa",666.0000
"Venkat Palwai",1099.0000
"Priyanka Aerukala",1099.0000
"Yûya Suzuki",747.0000
"Pierre Assouline",1886.0000
